{
    "movies": [
        {
            "title": "Toy Story",
            "overview": "Led by Woody, Andy's toys live happily in his room until Andy's birthday brings Buzz Lightyear onto the scene. Afraid of losing his place in Andy's heart, Woody plots against Buzz. But when circumstances separate Buzz and Woody from their owner, the duo eventually learns to put aside their differences.",
            "genres": [
                "Animation",
                "Comedy",
                "Family"
            ],
            "release_date": "1995-10-30",
            "runtime": 81,
            "vote_average": 7.7,
            "img": "poster4.jpg"
        },
        {
            "title": "Jumanji",
            "overview": "When siblings Judy and Peter discover an enchanted board game that opens the door to a magical world, they unwittingly invite Alan -- an adult who's been trapped inside the game for 26 years -- into their living room. Alan's only hope for freedom is to finish the game, which proves risky as all three find themselves running from giant rhinoceroses, evil monkeys and other terrifying creatures.",
            "genres": [
                "Adventure",
                "Fantasy",
                "Family"
            ],
            "release_date": "1995-12-15",
            "runtime": 104,
            "vote_average": 6.9,
            "img": "poster5.jpg"
        },
        {
            "title": "Grumpier Old Men",
            "overview": "A family wedding reignites the ancient feud between next-door neighbors and fishing buddies John and Max. Meanwhile, a sultry Italian divorcée opens a restaurant at the local bait shop, alarming the locals who worry she'll scare the fish away. But she's less interested in seafood than she is in cooking up a hot time with Max.",
            "genres": [
                "Romance",
                "Comedy"
            ],
            "release_date": "1995-12-22",
            "runtime": 101,
            "vote_average": 6.5,
            "img": "poster6.jpg"
        },
        {
            "title": "Waiting to Exhale",
            "overview": "Cheated on, mistreated and stepped on, the women are holding their breath, waiting for the elusive \"good man\" to break a string of less-than-stellar lovers. Friends and confidants Vannah, Bernie, Glo and Robin talk it all out, determined to find a better way to breathe.",
            "genres": [
                "Comedy",
                "Drama",
                "Romance"
            ],
            "release_date": "1995-12-22",
            "runtime": 127,
            "vote_average": 6.1,
            "img": "poster1.jpeg"
        },
        {
            "title": "Father of the Bride Part II",
            "overview": "Just when George Banks has recovered from his daughter's wedding, he receives the news that she's pregnant ... and that George's wife, Nina, is expecting too. He was planning on selling their home, but that's a plan that -- like George -- will have to change with the arrival of both a grandchild and a kid of his own.",
            "genres": [
                "Comedy"
            ],
            "release_date": "1995-02-10",
            "runtime": 106,
            "vote_average": 5.7,
            "img": "poster9.jpeg"
        },
        {
            "title": "Sabrina",
            "overview": "An ugly duckling having undergone a remarkable change, still harbors feelings for her crush: a carefree playboy, but not before his business-focused brother has something to say about it.",
            "genres": [
                "Comedy",
                "Romance"
            ],
            "release_date": "1995-12-15",
            "runtime": 127,
            "vote_average": 6.2,
            "img": "poster10.jpg"
        },
        {
            "title": "Tom and Huck",
            "overview": "A mischievous young boy, Tom Sawyer, witnesses a murder by the deadly Injun Joe. Tom becomes friends with Huckleberry Finn, a boy with no future and no family. Tom has to choose between honoring a friendship or honoring an oath because the town alcoholic is accused of the murder. Tom and Huck go through several adventures trying to retrieve evidence.",
            "genres": [
                "Action",
                "Adventure",
                "Drama",
                "Family"
            ],
            "release_date": "1995-12-22",
            "runtime": 97,
            "vote_average": 5.4,
            "img": "poster11.jpg"
        },
        {
            "title": "Sudden Death",
            "overview": "International action superstar Jean Claude Van Damme teams with Powers Boothe in a Tension-packed, suspense thriller, set against the back-drop of a Stanley Cup game.Van Damme portrays a father whose daughter is suddenly taken during a championship hockey game. With the captors demanding a billion dollars by game's end, Van Damme frantically sets a plan in motion to rescue his daughter and abort an impending explosion before the final buzzer...",
            "genres": [
                "Action",
                "Adventure",
                "Thriller"
            ],
            "release_date": "1995-12-22",
            "runtime": 106,
            "vote_average": 5.5,
            "img": "poster12.jpg"
        },
        {
            "title": "GoldenEye",
            "overview": "James Bond must unmask the mysterious head of the Janus Syndicate and prevent the leader from utilizing the GoldenEye weapons system to inflict devastating revenge on Britain.",
            "genres": [
                "Adventure",
                "Action",
                "Thriller"
            ],
            "release_date": "1995-11-16",
            "runtime": 130,
            "vote_average": 6.6,
            "img": "poster2.jpg"
        },
        {
            "title": "The American President",
            "overview": "Widowed U.S. president Andrew Shepherd, one of the world's most powerful men, can have anything he wants -- and what he covets most is Sydney Ellen Wade, a Washington lobbyist. But Shepherd's attempts at courting her spark wild rumors and decimate his approval ratings.",
            "genres": [
                "Comedy",
                "Drama",
                "Romance"
            ],
            "release_date": "1995-11-17",
            "runtime": 106,
            "vote_average": 6.5,
            "img": "poster7.jpg"
        },
        {
            "title": "Sense and Sensibility",
            "overview": "Rich Mr. Dashwood dies, leaving his second wife and her daughters poor by the rules of inheritance. Two daughters are the titular opposites.",
            "genres": [
                "Drama",
                "Romance"
            ],
            "release_date": "1995-12-13",
            "runtime": 136,
            "vote_average": 7.2,
            "img": "poster3.JPG"
        },
        {
            "title": "Ace Ventura: When Nature Calls",
            "overview": "Summoned from an ashram in Tibet, Ace finds himself on a perilous journey into the jungles of Africa to find Shikaka, the missing sacred animal of the friendly Wachati tribe. He must accomplish this before the wedding of the Wachati's Princess to the prince of the warrior Wachootoos. If Ace fails, the result will be a vicious tribal war.",
            "genres": [
                "Crime",
                "Comedy",
                "Adventure"
            ],
            "release_date": "1995-11-10",
            "runtime": 90,
            "vote_average": 6.1,
            "img": "poster13.jpg"
        },
        {
            "title": "Four Rooms",
            "overview": "It's Ted the Bellhop's first night on the job...and the hotel's very unusual guests are about to place him in some outrageous predicaments. It seems that this evening's room service is serving up one unbelievable happening after another.",
            "genres": [
                "Crime",
                "Comedy"
            ],
            "release_date": "1995-12-09",
            "runtime": 98,
            "vote_average": 6.5,
            "img": "poster14.jpg"
        },
        {
            "title": "Dracula: Dead and Loving It",
            "overview": "When a lawyer shows up at the vampire's doorstep, he falls prey to his charms and joins him in his search for fresh blood. Enter Dr. van Helsing, who may be the only one able to vanquish the count.",
            "genres": [
                "Comedy",
                "Horror"
            ],
            "release_date": "1995-12-22",
            "runtime": 88,
            "vote_average": 5.7,
            "img": "poster15.jpg"
        },
        {
            "title": "Balto",
            "overview": "An outcast half-wolf risks his life to prevent a deadly epidemic from ravaging Nome, Alaska.",
            "genres": [
                "Family",
                "Animation",
                "Adventure"
            ],
            "release_date": "1995-12-22",
            "runtime": 78,
            "vote_average": 7.1,
            "img": "poster16.jpg"
        },
        {
            "title": "Nixon",
            "overview": "An all-star cast powers this epic look at American President Richard M. Nixon, a man carrying the fate of the world on his shoulders while battling the self-destructive demands within. Spanning his troubled boyhood in California to the shocking Watergate scandal that would end his presidency.",
            "genres": [
                "History",
                "Drama"
            ],
            "release_date": "1995-12-22",
            "runtime": 192,
            "vote_average": 7.1,
            "img": "poster17.jpg"
        },
        {
            "title": "Cutthroat Island",
            "overview": "Morgan Adams and her slave, William Shaw, are on a quest to recover the three portions of a treasure map. Unfortunately, the final portion is held by her murderous uncle, Dawg. Her crew is skeptical of her leadership abilities, so she must complete her quest before they mutiny against her. This is made yet more difficult by the efforts of the British crown to end her pirate raids.",
            "genres": [
                "Action",
                "Adventure"
            ],
            "release_date": "1995-12-22",
            "runtime": 119,
            "vote_average": 5.7,
            "img": "poster18.jpg"
        },
        {
            "title": "Casino",
            "overview": "The life of the gambling paradise – Las Vegas – and its dark mafia underbelly.",
            "genres": [
                "Drama",
                "Crime"
            ],
            "release_date": "1995-11-22",
            "runtime": 178,
            "vote_average": 7.8,
            "img": "poster19.jpg"
        },
        {
            "title": "Heat",
            "overview": "Obsessive master thief, Neil McCauley leads a top-notch crew on various insane heists throughout Los Angeles while a mentally unstable detective, Vincent Hanna pursues him without rest. Each man recognizes and respects the ability and the dedication of the other even though they are aware their cat-and-mouse game may end in violence.",
            "genres": [
                "Action",
                "Crime",
                "Drama",
                "Thriller"
            ],
            "release_date": "1995-12-15",
            "runtime": 170,
            "vote_average": 7.7,
            "img": "poster20.jpg"
        },
        {
            "title": "Money Train",
            "overview": "A vengeful New York transit cop decides to steal a trainload of subway fares; his foster brother, a fellow cop, tries to protect him.",
            "genres": [
                "Action",
                "Comedy",
                "Crime"
            ],
            "release_date": "1995-11-21",
            "runtime": 103,
            "vote_average": 5.4,
            "img": "poster21.jpg"
        }
        
    ]
}